ParticipantsId,Education,Food,Recreation,RentAdjustment,Shelter,Wage,Grand_Total
0,-380.0537955,-2148.890883,-3223.102691,,-5549.886217,76091.62806,64789.69447
1,-380.0537955,-2163.564664,-4390.891049,,-5549.886217,66739.19676,54254.80104
2,-128.1244502,-2352.726238,-2988.689925,,-5565.529272,59134.3805,48099.31062
3,-380.0537955,-2324.052871,-3605.39632,,-5549.886217,57165.80206,45306.41286
4,-128.1244502,-2233.425203,-4750.232808,4809.283427,-15403.77647,73508.27313,55801.99763
5,-128.1244502,-2815.491146,-3574.73584,,-6000.336247,16648.92074,4130.233057
6,-128.1244502,-2640.348062,-5594.211127,,-5811.919891,16736.63044,2562.026908
7,-128.1244502,-4103.277132,-4488.890357,,-10132.01947,50840.47783,31988.16641
8,-128.1244502,-4090.031644,-3632.712172,,-11796.30426,31470.3255,11823.15297
9,-911.4351385,-2352.635885,-3028.660139,,-5580.022838,105561.3799,93688.62591
10,-128.1244502,-3242.6151,-2083.744647,,-5609.00997,55065.71962,44002.22545
11,-731.9785215,-2352.437292,-3673.654453,,-5561.724711,55704.62269,43384.82771
12,-380.0537955,-2211.491915,-4976.37213,,-5568.827808,52955.67734,39818.93169
13,-128.1244502,-3729.270499,-4720.449828,,-13015.63905,48777.70733,27184.2235
14,-128.1244502,-3574.133455,-3624.529661,,-11357.37201,61051.52956,42367.36999
15,-380.0537955,-2121.584045,-3428.195942,,-5587.769399,52452.33412,40934.73094
16,-128.1244502,-2227.636644,-2934.169268,,-5623.503536,81396.52015,70483.08625
17,-380.0537955,-2469.67616,-3519.783609,,-5587.769399,145839.1539,133881.871
18,-911.4351385,-2357.582429,-3913.987628,,-5596.217527,146134.6464,133355.4237
19,-128.1244502,-3352.430179,-4307.5859,,-5710.464931,75404.72294,61906.11748
20,-128.1244502,-2864.896305,-3404.798961,,-5739.452062,49961.37304,37824.10126
21,-128.1244502,-2839.606936,-6130.545532,,-6884.443761,20525.44098,4542.720302
22,-128.1244502,-3577.128643,-3979.030447,,-10145.49607,29209.26449,11379.48488
23,-911.4351385,-2424.537351,-5621.040166,,-5596.217527,43278.96203,28725.73185
24,-128.1244502,-2500.066219,-3032.000598,,-5739.452062,67883.82551,56484.18218
25,-128.1244502,-3241.080336,-2493.236824,,-5869.894154,49003.98931,37271.65355
26,-128.1244502,-3251.412358,-4357.598538,,-5869.894154,45897.51457,32290.48507
27,-380.0537955,-2415.888723,-3172.957611,,-5625.652582,52171.91016,40577.35745
28,-380.0537955,-2121.533163,-5319.412048,,-5625.652582,113528.1108,100081.4592
29,-128.1244502,-2439.540118,-2465.872692,,-6159.765471,38369.32437,27176.02163
30,-128.1244502,-3503.506653,-3968.844944,3852.01959,-12630.73533,18027.18077,1647.988989
31,-911.4351385,-2424.843351,-3149.241258,,-5673.584589,124272.2696,112113.1653
32,-380.0537955,-2375.484592,-2805.219677,,-5701.418946,50792.98832,39530.81131
33,-731.9785215,-2527.210704,-1641.389031,,-5733.382881,100739.411,90105.44981
34,-128.1244502,-2252.152783,-5201.24278,2095.946975,-12460.69321,34927.83977,16981.57352
35,-128.1244502,-3628.234118,-4978.13301,,-6261.220431,17692.07454,2696.362532
36,-128.1244502,-2425.465546,-2814.715133,,-6420.649655,121969.0489,110180.0941
37,-380.0537955,-2237.716308,-4164.954096,,-5739.302129,50765.44626,38243.41993
38,-380.0537955,-2388.346334,-3670.006341,,-5739.302129,42189.33577,30011.62717
39,-128.1244502,-2277.433691,-4998.868916,,-7493.173526,33907.80336,19010.20278
40,-380.0537955,-3451.147558,-5051.384217,,-6023.425996,19038.62126,4132.609692
41,-128.1244502,-3599.367355,-3892.551007,,-6652.546708,17861.4614,3588.871883
42,-731.9785215,-2315.940382,-2324.822742,,-5767.714516,48921.77984,37781.32368
43,-380.0537955,-2337.907092,-4768.9377,,-5777.185311,98260.03177,84995.94787
44,-25.62489004,-38.53486585,,,,2235.986142,2171.826386
45,-380.0537955,-2151.790873,-2801.656942,,-5777.185311,120747.6324,109636.9455
46,-380.0537955,-2262.763719,-3992.335407,,-5777.185311,48448.30604,36035.96781
47,-128.1244502,-3391.457087,-2071.415786,,-6652.546708,45093.94343,32850.3994
48,-128.1244502,-3621.921352,-3853.053618,,-6652.546708,43997.26637,29741.62024
49,-380.0537955,-2395.106392,-2751.718841,,-5796.126902,119340.6189,108017.613
50,-128.1244502,-2453.215173,-4631.786078,,-6652.546708,43138.47112,29272.79871
51,-128.1244502,-3483.921189,-2697.945681,,-6681.53384,110520.0827,97528.55751
52,-128.1244502,-3555.152486,-5001.326461,,-9000.50437,23428.70169,5743.593926
53,-380.0537955,-2120.560414,-2977.913942,,-5802.04615,36911.90921,25631.3349
54,-128.1244502,-2269.324772,-4468.624089,,-15563.56187,70446.5664,48016.93121
55,-128.1244502,-3795.680758,-3990.485047,,-6689.851505,18299.67324,3695.531478
56,-128.1244502,-3530.234751,-3293.379997,,-10680.68479,30808.31346,13175.88947
57,-128.1244502,-2157.594786,-3696.052816,,-6811.975932,95082.63022,82288.88223
58,-128.1244502,-2308.846798,-2922.940202,,-5802.529694,117701.7259,106539.2847
59,-380.0537955,-2243.48236,-3206.164708,,-5834.010085,95812.65846,84148.94751
60,-128.1244502,-3254.067999,-4227.594854,,-6869.950196,42318.65921,27838.92171
61,-128.1244502,-3558.000337,-2548.867203,,-6968.049493,42663.95665,29460.91516
62,-128.1244502,-2371.940493,-2660.761883,,-6968.049493,64660.41263,52531.53631
63,-128.1244502,-3526.492298,-3270.903665,,-6985.898722,42166.65337,28255.23423
64,-128.1244502,-3659.048453,-3656.70797,,-6985.898722,40288.62254,25858.84295
65,-128.1244502,-2116.355356,-3599.32181,,-6985.898722,39862.64309,27032.94275
66,-128.1244502,-3043.760375,-6736.597994,,-11741.67765,55551.43229,33901.27182
67,-128.1244502,-3286.60528,-1673.020376,,-6986.338337,39821.04536,27746.95691
68,-128.1244502,-3359.869978,-2492.185089,,-7014.885854,38643.20688,25648.14151
69,-128.1244502,-3999.099351,-3506.793964,,-10754.22583,37275.64313,18887.39953
70,-128.1244502,-2574.45199,-4115.249427,,-8464.242435,23215.51029,7933.441983
71,-128.1244502,-3756.592055,-3980.798551,,-8464.242435,23316.28908,6986.531593
72,-380.0537955,-2400.859409,-3770.690807,,-5871.893267,90045.36687,77621.86959
73,-128.1244502,-3492.758152,-2881.84083,,-7022.916025,60677.88173,47152.24227
74,-380.0537955,-3745.059194,-4481.81237,,-6023.425996,16558.72976,1928.378405
75,,-2756.179949,-5430.139159,,-9144.421907,25223.99314,7893.252122
76,,-2502.571967,-2559.572312,,-7022.916025,38188.68165,26103.62134
77,,-2421.773276,-3993.478312,,-7077.782556,38045.29002,24552.25588
78,,-2859.252986,-3238.729408,,-5879.896756,111309.2627,99331.3836
79,,-2238.660215,-1837.464837,,-5879.896756,49001.4274,39045.4056
80,,-3269.859067,-1722.851239,,-7096.0714,37688.29142,25599.50972
81,,-3233.470861,-3960.702296,,-11211.06126,48438.33931,30033.1049
82,,-4607.522249,-4366.162721,,-10667.26444,53121.56282,33480.61341
83,,-2457.224083,-484.6056973,,-5890.834858,47582.53753,38749.87289
84,,-3583.271525,-3099.897854,,-7150.937931,37108.18304,23274.07573
85,,-3117.98877,-6012.406007,,-7150.937931,36673.7665,20392.43379
86,,-3435.164907,-2138.745161,,-7159.821512,36169.74141,23436.00983
87,,-3510.224653,-5206.170366,,-6288.608273,19417.20927,4412.205976
88,,-3984.576189,-3909.255428,,-6023.425996,16968.61183,3051.354213
89,,-2393.136795,-3153.474105,,-5905.685777,47332.12317,35879.8265
90,,-2071.499042,-2807.427087,,-5905.685777,46504.80491,35720.19301
91,,-3520.931709,-3784.771477,,-6080.25077,16600.56804,3214.614087
92,,-2232.578488,-3369.397885,,-7205.804463,35367.36633,22559.58549
93,,-3232.177521,-3008.847,,-7205.804463,34036.96459,20590.13561
94,,-3287.676247,-2148.919052,,-7205.804463,59968.35767,47325.9579
95,,-2426.135993,-3952.077939,,-7242.38215,32323.00029,18702.4042
96,,-3256.151649,-2855.447977,,-7242.38215,34027.4848,20673.50303
97,,-4106.382312,-4328.579588,,-10145.49607,48632.43182,30051.97385
98,,-3592.067661,-1887.150555,,-7242.38215,33716.98639,20995.38602
99,,-3529.153945,-2598.042466,,-7261.276473,55921.99381,42533.52093
100,,-2525.267021,-3372.330592,,-5973.70432,32816.93033,20945.62839
101,,-2236.646449,,,-6008.035954,45968.17783,37723.49543
102,,-2391.205268,-4753.36628,,-6023.425996,89336.43778,76168.44023
103,,-2314.229137,-2631.215418,,-6023.425996,85690.03131,74721.16076
104,,-2447.65766,-4884.707642,,-6288.608273,19604.64717,5983.673599
105,,-4507.025151,-3524.039548,,-8394.579311,26061.24958,9635.605572
106,,-2475.094712,-4282.395133,,-8981.427928,45364.2341,29625.31633
107,,-3377.14966,-1712.980347,,-7261.276473,33242.33372,20890.92724
108,,-2415.530236,-2580.20583,,-6023.425996,45696.43375,34677.27169
109,,-2355.414196,-5771.775715,,-6034.630881,45587.1399,31425.31911
110,,-2406.190127,-4184.282651,,-6034.630881,45080.97745,32455.87379
111,,-2393.961865,-5004.134591,,-6080.25077,16431.91511,2953.567882
112,,-3575.138487,-2063.055706,,-7406.981745,89222.01319,76176.83725
113,,-3258.83754,-3690.954112,,-11043.2622,51203.43451,33210.38066
114,,-3247.406449,-1757.150773,,-7425.270589,78610.91873,66181.09092
115,,-2455.283582,-3972.809599,,-7425.270589,33162.17047,19308.8067
116,,-2420.252004,-3195.94604,,-6034.630881,107906.1767,96255.34777
117,,-3274.542018,-4711.083027,3436.519226,-13813.12036,48826.33019,30464.10402
118,,-2411.02326,-4161.576394,,-6034.630881,84392.93868,71785.70814
119,,-3433.821956,-3832.030583,,-7443.559432,77164.44665,62455.03468
120,,-2744.525311,-5142.806059,,-8508.241409,27258.17395,10862.60118
121,,-3670.412443,-2923.636914,,-7493.173526,33055.06852,18967.84564
122,,-2406.30631,-3068.839065,,-6053.181656,44868.69907,33340.37204
123,,-2216.850554,-3011.144854,,-6079.915225,44362.91363,33055.003
124,,-2479.32108,-2545.134755,,-6079.915225,106151.6321,95047.26104
125,,-2251.46633,-4350.477616,,-6080.25077,94931.61481,82249.42009
126,,-3315.179486,-4613.93694,,-6326.491455,18123.85702,3868.249134
127,,-55.75430065,,,,2763.93035,2708.176049
128,,-3638.450888,-3547.781984,,-9000.50437,38564.32071,22377.58347
129,,-3135.808314,-5203.875906,,-7493.173526,31730.41665,15897.5589
130,,-3549.283875,-3906.738051,,-7493.173526,31792.8135,16843.61805
131,,-2491.019298,-5594.853577,,-8884.555844,26933.81841,9963.389687
132,,-2384.551552,-3602.600285,,-7493.173526,72372.68039,58892.35503
133,,-3241.985069,-2538.529823,,-7493.173526,31496.25942,18222.571
134,,-2139.039462,-1058.991051,,-6156.017135,44116.61608,34762.56844
135,,-3809.843138,-4814.463502,,-7942.474066,29497.99614,12931.21543
136,,-3491.4305,-3150.714478,,-7493.173526,71071.03776,56935.71926
137,,-2298.608214,-3369.408045,,-6591.673732,18843.16081,6583.470822
138,,-3611.608137,-3805.077503,,-10015.05398,31392.55028,13960.81067
139,,-3392.145755,-3374.968205,,-12637.59108,35757.46389,16352.75885
140,,-2465.800727,-3485.737258,,-6156.017135,83445.48168,71337.92656
141,,-3695.051802,-3826.978867,802.8790586,-8237.423773,29001.48747,14044.91209
142,,-64.70061341,,,,2844.652378,2779.951765
143,,-2045.181643,-5707.390718,,-6156.017135,43811.65937,29903.06987
144,,-3344.947068,-3451.983278,,-7516.714808,30816.0023,16502.35715
145,,-2404.801117,-5876.777246,,-6231.7835,19107.58358,4594.221718
146,,-3418.73095,-3863.095778,,-7516.714808,30745.44731,15946.90578
147,,-2368.998217,-4663.584765,,-7516.714808,30223.97914,15674.68135
148,,-2421.258139,-2765.031049,,-6156.017135,81883.96943,70541.6631
149,,-3808.546975,-5573.894393,,-6231.7835,17861.78859,2247.56372
150,,-2404.122286,-2925.293092,,-6156.017135,76780.89166,65295.45914
151,,-2837.713085,-3275.394578,,-6156.017135,31607.18678,19338.06199
152,,-3591.360296,-2275.769591,,-7589.870183,29930.17393,16473.17386
153,,-4438.63851,-4886.302994,,-8856.681634,25031.53465,6849.911511
154,,-58.5996025,,,,2595.018392,2536.41879
155,,-2726.481281,-5274.292271,,-6156.017135,95203.1157,81046.32501
156,,-3276.138809,-3703.936535,,-7609.122052,29426.6406,14837.4432
157,,-2371.735773,-1399.407367,,-6163.575986,94792.01783,84857.2987
158,,-3097.971866,-3529.6282,,-7681.589881,63963.9505,49654.76055
159,,-2153.256423,-1699.205699,,-6163.575986,43589.87721,33573.83911
160,,-2402.752218,-2226.461197,,-6174.958726,73864.23514,63060.063
161,,-41.04097439,,,,2678.784261,2637.743286
162,,-2591.668269,-5100.595525,,-7754.469777,22327.97368,6881.240111
163,,-2190.220941,-5139.802485,,-6174.958726,43559.65077,30054.66862
164,,-4512.224922,-4242.265315,,-12235.23651,40277.05011,19287.32336
165,,-3207.519052,-3546.351599,,-11211.06126,52615.16264,34650.23073
166,,-3425.217501,-3525.42627,,-7681.589881,29017.25836,14385.0247
167,,-3559.204159,-4878.062629,,-11062.23156,28901.71218,9402.213833
168,,-3271.270147,-2114.66485,,-3484.024747,55261.88897,46391.92922
169,,-3619.723025,-3144.480702,,-3511.458012,28402.11895,18126.45721
170,,-2246.03692,-2940.086553,,-3501.588343,73090.82656,64403.11474
171,,-2339.069922,-1922.97678,,-3501.588343,30635.51636,22871.88131
172,,-3544.283682,-3034.150318,,-3602.902231,52154.41606,41973.07982
173,,-3362.375107,-3443.047987,507.2748035,-5580.022838,51002.14783,39123.9767
174,,-4536.322851,-3081.872488,,-4215.578499,17385.75995,5551.986114
175,,-2271.535948,-3166.108307,,-3602.902231,28396.43362,19355.88713
176,,-4165.368993,-4193.390931,,-5093.443002,30052.10992,16599.907
177,,-3275.090574,-2874.303912,,-3630.335497,27912.75658,18133.02659
178,,-2183.204998,-133.2665808,757.1581339,-4542.948803,34225.10569,28122.84344
179,,-3377.731164,-5699.25372,,-5733.552536,20352.07505,5541.537631
180,,-2526.506573,-65.15424784,,-5072.748035,28695.93714,21031.52828
181,,-2498.330665,-4630.944277,,-4526.488844,16939.4504,5283.686612
182,,-2324.385999,-3266.151033,,-5540.095364,18455.79484,7325.162447
183,,-2434.929139,-260.7533698,189.2895335,-3975.080203,90482.68971,84001.21653
184,,-2496.11627,-4758.715509,,-5678.686004,20454.15856,7520.640779
185,,-2361.615713,-80.69431077,,-3785.79067,43586.18542,37358.08473
186,,-3683.252346,-248.1537945,1094.014359,-4740.72889,38000.77269,30422.65202
187,,-2499.85685,,364.6714531,-4011.385984,27938.37632,21791.80494
188,,-3426.733764,-398.879784,823.2975601,-3567.62276,55067.59733,48497.65858
189,,-2428.947572,,274.43252,-3018.75772,84674.36849,79501.09572
190,,-3493.690357,-3610.325489,,-3666.913185,54871.27,44100.34097
191,,-3190.357529,-1951.367653,,-3666.913185,27764.39168,18955.75331
192,,-2489.278601,-22.80410692,91.47750668,-2835.802707,42773.05488,37516.64697
193,,-2264.204345,-908.433892,988.9125432,-4285.287687,49102.4025,42633.38912
194,,-2267.036682,-31.90578045,,-2744.3252,72986.30275,67943.03508
195,,-2410.748778,-19.96264521,329.6375144,-3626.012658,86469.45327,80742.3667
196,,-2818.052406,-2818.602278,,-3721.779716,22639.00258,13280.56818
197,,-4553.371104,-2921.857884,,-6355.373225,21939.31892,8108.716705
198,,-2407.654578,-36.36625552,109.8791715,-3406.254315,70274.0215,64533.62553
199,,-3232.746278,-3154.429139,,-3758.357404,27673.87749,17528.34467
200,,-2426.295879,-21.77732843,,-3296.375144,84909.18283,79164.73448
201,,-2333.491355,,121.557151,-3768.271682,41766.36705,35786.16116
202,,-2437.926839,-4894.15082,,-6318.795538,23891.94447,10241.07127
203,,-3792.078311,-4303.644468,,-4869.713867,20465.70814,7500.271489
204,,-2496.610275,,,-3646.714531,27333.18983,21189.86503
205,,-2263.754818,-2294.489662,,-3501.588343,41742.12406,33682.29124
206,,-3421.932916,-3823.070085,,-3767.501826,26792.55019,15780.04537
207,,-2342.277967,-206.5581143,848.0344081,-3674.815769,38920.04006,33544.42262
208,,-2243.568474,-3353.974463,,-3794.935091,26669.81941,17277.34139
209,,-2313.439223,-16.56220615,282.678136,-3109.459496,41531.98521,36375.20242
210,,-3782.502344,-3986.071796,,-5011.143205,16542.51624,3762.798895
211,,-2490.081594,-15.87211423,94.22604535,-2921.007406,70039.26054,64706.52547
212,,-2705.962084,-6089.294735,,-4334.455984,17060.73689,3931.024089
213,,-2210.140838,-233.8148042,630.3554835,-3782.132901,30354.58044,24758.84738
214,,-2492.41085,,157.5888709,-3309.366288,40546.32272,34902.13445
215,,-2201.486754,-15.78745864,,-3151.777417,68827.56219,63458.51056
216,,-2502.626029,-18.71751989,,-2826.78136,40433.11747,35084.99256
217,,-2120.769941,-5191.698339,,-5504.941988,18078.51448,5261.104213
218,,-3337.360237,-6092.706876,,-5234.456295,16363.09581,1698.572399
219,,-3423.756872,-243.4900418,515.7453956,-3094.472373,20791.05216,14545.07826
220,,-3688.175829,-4137.377436,,-6730.294524,45115.91392,30560.06613
221,,-3156.621505,-2617.948627,436.256331,-4798.819641,25115.8238,14978.69036
222,,-3594.235782,-2816.048095,,-3868.090467,26407.44033,16129.06598
223,,-2506.498473,-4510.384796,,-5678.686004,26960.9653,14265.39603
224,,-2448.418829,-128.3737014,128.9363489,-2707.663327,26987.57459,21832.05508
225,,-2153.948676,,,-2578.726978,40200.93009,35468.25444
226,,-3153.930809,-2978.291831,477.5629936,-5253.192929,42774.27633,31866.42375
227,,-3517.682119,-2548.684731,,-3950.390264,26631.88608,16615.12896
228,,-2342.980932,-57.55354356,,-4362.56331,67650.45081,60887.35302
229,,-2299.520732,-216.6614722,1172.044496,-5078.859481,45054.99554,38631.99835
230,,-2361.294385,,,-4775.629936,66944.57435,59807.65003
231,,-4465.757738,-4312.771742,,-4727.666126,16682.20747,3176.011864
232,,-2372.649594,-3947.815614,,-4526.488844,16802.40338,5955.449326
233,,-2334.612358,,390.6814985,-4297.496484,82983.80297,76742.37563
234,,-3407.461897,-2246.794295,,-3968.679108,50176.05757,40553.12227
235,,-2022.220258,-170.8199725,916.8807032,-5501.284219,35946.12862,29168.68488
236,,-2004.219803,-32.54084423,229.2201758,-4813.623692,26496.63575,19875.47159
237,,-2104.148196,-18.71751989,,-4584.403516,82339.73341,75632.46417
238,,-2490.83502,-36.5284277,130.2271662,-4037.042152,25319.13574,18884.95731
239,,-4564.437458,-5487.78047,,-4800.821501,16303.61426,1450.574834
240,,-3294.118613,-3224.435139,,-4050.978905,50373.50224,39803.96958
241,,-2316.514747,-34.86650987,,-3906.814985,39731.0966,33472.90036
242,,-2100.895042,-6010.560338,,-3501.588343,81273.42867,69660.38495
243,,-3596.409088,-3359.157706,,-4069.267749,16542.76091,5517.926369
244,,-3470.174792,-3674.874091,,-5148.309534,23385.15964,11091.80122
245,,-3434.280207,-853.1280105,1106.753973,-4795.933885,49488.48741,41511.89928
246,,-3793.307107,-4153.585656,,-5020.287627,16489.50547,3522.325082
247,,-4299.903102,-4039.351643,,-5230.609331,16396.83771,2826.973636
248,,-2482.6373,,368.9179911,-4058.097903,66836.92579,60665.10858
249,,-3370.413149,-2605.027376,400.7470947,-4408.218042,31826.90893,21843.99745
250,,-3454.241129,-2850.538004,,-4069.267749,26192.14489,15818.09801
251,,-2889.970878,-2226.100447,,-4114.989858,25785.83872,16554.77754
252,-128.1244502,-2442.960837,-3947.604918,,-6189.365007,39297.6597,26589.60449
253,-128.1244502,-3367.313485,-3987.515935,,-6215.154027,79810.71636,66112.60846
254,-380.0537955,-2413.3391,-3763.434412,,-6174.958726,64915.84144,52184.05541
255,-911.4351385,-3494.350528,-4782.337284,,-6344.099132,17435.93584,1903.713762
256,-182.2870277,-73.36496149,,,,2504.936942,2249.284953
257,-911.4351385,-3588.455551,-4020.229098,,-6215.154027,38689.85438,23954.58056
258,-911.4351385,-3572.723493,-4754.116398,,-8407.220801,22697.70997,5052.214144
259,-380.0537955,-2409.818826,-821.263004,,-6174.958726,39563.21469,29777.12034
260,-911.4351385,-3138.46237,-3549.030016,,-6266.732069,71954.65405,58088.99446
261,-911.4351385,-2293.057365,-4955.708309,,-6318.310111,37493.7819,23015.27098
262,-182.2870277,-60.12335763,,,,2740.223577,2497.813192
263,-380.0537955,-2460.006027,-2760.403149,,-6179.694124,39529.08394,27748.92685
264,-380.0537955,-2322.441618,-3514.704069,,-6179.694124,39451.15623,27054.26262
265,-380.0537955,-2490.288905,-511.6211996,,-6214.025758,65536.88847,55940.89882
266,-911.4351385,-2622.113012,-6919.045972,,-8871.423176,44620.47993,25296.46263
267,-182.2870277,-74.71644486,,,,2641.841151,2384.837678
268,-380.0537955,-2225.840903,-3166.18148,,-6214.025758,39975.89804,27989.7961
269,-911.4351385,-2312.782391,-4603.619484,,-6318.310111,37834.15013,23688.00301
270,-731.9785215,-2281.43633,-2908.87965,,-6215.022501,38939.12158,26801.80458
271,-911.4351385,-3377.656026,-3322.091193,,-6369.888153,36777.99316,22796.92265
272,-911.4351385,-4183.037614,-4932.208125,,-10233.99814,27663.89342,7403.214404
273,-911.4351385,-2679.563713,-5302.485201,,-7195.13682,19999.79253,3911.171662
274,-911.4351385,-3669.739786,-3321.219325,,-7762.495279,25241.14915,9576.259619
275,-380.0537955,-2401.055229,-1752.497631,,-6250.725091,39283.60556,28499.27382
276,-731.9785215,-2837.409777,-3210.023374,,-6319.012932,63471.87576,50373.45116
277,-380.0537955,-4635.957532,-3744.277457,,-8514.474005,22977.68001,5702.91722
278,-731.9785215,-2476.136095,-1806.902289,,-6319.012932,61188.20617,49854.17634
279,-182.2870277,-51.8421593,,,,2396.321816,2162.192629
280,-380.0537955,-2177.930068,-2508.945234,,-6326.491455,60946.78314,49553.36259
281,-911.4351385,-3665.628675,-2885.269533,,-6369.888153,35204.32742,21372.10592
282,-380.0537955,-2430.10184,-2702.499159,,-6326.491455,38169.84654,26330.70029
283,-380.0537955,-3721.713201,-4386.065899,,-12473.47896,52695.16106,31733.84921
284,-380.0537955,-2479.878401,-5410.22691,,-6345.433047,18022.97932,3407.387165
285,-182.2870277,-68.19487535,,,,2692.381488,2441.899585
286,-911.4351385,-3638.94493,-3255.269213,,-6449.711468,34688.91571,20433.55496
287,-911.4351385,-3672.990688,-4781.757747,,-6497.016606,32458.63123,16595.43105
288,-182.2870277,-74.46570387,,,,2698.667773,2441.915042
289,-380.0537955,-3728.575547,-4770.933979,,-9936.201196,53155.71486,34339.95034
290,-380.0537955,-2349.247844,-4958.938371,,-6345.433047,79628.70759,65595.03453
291,-911.4351385,-2540.617342,-4023.18179,,-6497.016606,23373.09805,9400.847169
292,-380.0537955,-3661.161111,-3998.455063,,-8558.577863,25952.73527,9354.487436
293,-380.0537955,-2336.848115,-3751.00796,,-6345.433047,37873.75547,25060.41255
294,-911.4351385,-3744.800478,-4352.831936,,-6911.457591,18514.68118,2594.156041
295,-911.4351385,-3148.000343,-4658.608069,,-6497.016606,68425.85852,53210.79837
296,-911.4351385,-3668.168645,-3555.1719,,-6547.606187,66111.56314,51429.18127
297,-380.0537955,-2326.415663,-540.5452292,,-6412.797002,37309.66842,27649.85673
298,-182.2870277,-75.8593638,,,,2764.510119,2506.363728
299,-911.4351385,-2280.031044,-4099.636478,,-6601.98934,32362.39047,18469.29847
300,-380.0537955,-2338.193432,-3118.181126,,-6412.797002,36976.91173,24727.68638
301,-182.2870277,-52.03912699,,,,2403.846262,2169.520107
302,-731.9785215,-2412.280905,-1884.27335,,-6523.010464,37310.21432,25758.67108
303,-911.4351385,-3609.980814,-4498.042373,,-6601.98934,63916.76586,48295.3182
304,-380.0537955,-2462.579396,-1730.941834,,-6575.402445,36925.94041,25776.96294
305,-911.4351385,-2643.459922,-5813.818445,,-10011.76166,32638.23644,13257.76127
306,-380.0537955,-2403.88735,-2452.82742,,-6575.402445,36867.50322,25055.33221
307,-911.4351385,-3725.760968,-5936.482371,,-7607.761154,23881.18262,5699.742991
308,-731.9785215,-2867.543106,-3441.084734,,-6591.673732,36564.79048,22932.51038
309,-380.0537955,-2216.279372,-4710.437181,,-6591.673732,36486.72869,22588.28461
310,-731.9785215,-2303.721302,-3482.348801,,-6591.673732,35530.88891,22421.16656
311,-911.4351385,-2279.820302,-4650.413729,,-6911.457591,19927.43492,5174.308159
312,-380.0537955,-2400.962249,-1397.503986,,-6591.673732,35549.04668,24778.85292
313,-731.9785215,-2467.093506,-490.4642651,,-6591.673732,24961.66379,14680.45376
314,-911.4351385,-3622.935671,-4600.317946,,-6653.567382,31966.14727,16177.89113
315,-731.9785215,-2178.646548,-3491.2149,,-6591.673732,70292.5125,57298.9988
316,-380.0537955,-2128.841658,-2996.548381,,-6591.673732,34920.99332,22823.87576
317,-911.4351385,-2412.246096,-3627.141235,,-6679.356403,23667.69058,10037.5117
318,-911.4351385,-2223.108581,-4397.962609,,-6782.512486,31416.64214,17101.62332
319,-380.0537955,-2430.008722,-3311.534033,,-6591.673732,23195.95251,10482.68223
320,-380.0537955,-2615.015344,-4487.842231,,-6782.512486,54778.58826,40513.1644
321,-911.4351385,-4419.788318,-6102.720183,,-10882.9668,43817.14696,21500.23652
322,-911.4351385,-2366.548727,-5063.95777,,-6911.457591,30590.66636,15337.26713
323,-911.4351385,-3377.898255,-4858.541303,,-14992.53628,54164.36417,30023.9532
324,-731.9785215,-2431.293365,-2554.673963,,-6591.673732,34457.55469,22147.93511
325,-911.4351385,-2157.290215,-3081.662533,,-7061.64029,30792.99657,17580.96839
326,-911.4351385,-3627.352912,-3755.977482,,-7061.64029,52622.06944,37265.66362
327,,-2464.117016,-1097.788663,,-6591.673732,34889.89014,24736.31073
328,,-3406.325739,-1527.149427,,-7061.64029,22464.70026,10469.5848
329,,-2395.025549,-708.868703,,-6610.615323,61232.69357,51518.18399
330,,-2352.483733,-4345.348032,,-8304.064717,28430.41153,13428.51505
331,,-3350.827911,-2321.10741,,-7061.64029,58162.52221,45428.9466
332,,-2407.109172,-2581.568202,,-6610.615323,60165.13978,48565.84708
333,,-2390.053745,-1337.36497,,-6610.615323,59240.14307,48902.10904
334,,-2278.321469,-2363.609017,,-6618.748511,58319.57508,47058.89608
335,,-2286.133298,-3355.384321,,-6618.748511,69127.28895,56867.02283
336,,-3632.117887,-3664.477612,,-7094.182411,54271.96264,39881.18473
337,,-2236.964235,-3227.912337,,-6763.331902,69530.22321,57302.01473
338,,-2513.512834,-6105.190694,,-7195.13682,20391.87819,4578.037844
339,,-2464.494431,-1310.931097,,-6763.331902,57911.1477,47372.39027
340,,-2890.764101,-2759.696813,,-6763.331902,68149.08356,55735.29074
341,,-2358.063778,-4317.097561,,-6763.331902,33796.11641,20357.62317
342,,-3372.697577,-3106.949373,,-7094.182411,30300.13724,16726.30788
343,,-2064.411102,-2374.747562,,-6763.331902,55121.26196,43918.7714
344,,-2280.55968,-2140.097938,,-6763.331902,33212.44965,22028.46013
345,,-3631.425207,-3621.84681,,-7094.182411,52123.22209,37775.76766
346,,-42.95615976,,,,2098.358447,2055.402287
347,,-2443.116992,-2716.090367,,-6763.331902,55133.76838,43211.22912
348,,-3378.324239,-3469.186635,,-7126.724533,29882.19364,15907.95824
349,,-3358.108521,-3212.512798,,-7159.266654,28869.60777,15139.7198
350,,-3439.433535,-3524.506361,,-7159.266654,52878.29248,38755.08594
351,,-2099.22766,-3406.128526,,-6763.331902,52370.59822,40101.91013
352,,-74.54692768,,,,2484.258775,2409.711848
353,,-3608.57572,-2771.288036,,-7159.266654,21791.93125,8252.80084
354,,-2394.108699,-2293.393685,,-6763.331902,22816.03297,11365.19869
355,,-3283.888999,-4970.315168,,-10882.9668,47994.40992,28857.23895
356,,-64.51004679,,,,2431.873266,2367.363219
357,,-3263.782446,-3366.464813,,-7191.808775,51480.52226,37658.46623
358,,-3787.557595,-6063.234027,,-8226.697655,21600.00767,3522.518391
359,,-3747.585109,-6090.15378,,-7375.659966,21340.80757,4127.408713
360,,-2211.505454,-4770.092158,,-7191.808775,29464.49949,15291.0931
361,,-2895.813114,-3487.524699,,-6773.8033,22760.32041,9603.179293
362,,-2907.043146,-5166.788873,,-9990.431194,26591.85565,8527.592441
363,,-2473.069104,-2608.920112,,-7195.13682,49021.38959,36744.26355
364,,-2147.244466,-1532.16648,,-6773.8033,33293.35684,22840.1426
365,,-2513.213718,-3823.290348,,-7195.13682,21169.36596,7637.725071
366,,-2377.348939,-2022.024975,,-6773.8033,33163.93204,21990.75482
367,,-2186.36577,-3010.626499,,-6773.8033,33167.25107,21196.4555
368,,-2460.635641,-2702.678767,,-6860.985744,68293.20503,56268.90488
369,,-2257.24679,-2335.358309,,-6860.985744,32738.76632,21285.17547
370,,-2644.992418,-5327.698339,,-10882.9668,44363.51705,25507.85949
371,,-3162.897668,-4145.000326,,-7195.13682,28303.85041,13800.8156
372,,-3377.602982,-5224.250561,3232.281372,-10691.54156,29939.1421,13878.02836
373,,-2650.092763,-5205.024187,,-10297.92918,38455.70086,20302.65473
374,,-2489.983949,-5728.871056,,-7762.495279,21963.16842,5981.818133
375,,-1975.76974,-3503.135258,,-6940.793252,32041.05384,19621.35559
376,,-2843.529613,-3750.108526,,-6940.793252,32020.42168,18485.99029
377,,-2456.156348,-168.8068058,,-6940.793252,66170.64412,56604.88772
378,,-3565.624262,-5233.053462,,-9936.201196,25914.10081,7179.221888
379,,-2481.887014,-452.1237442,,-6951.563965,32310.25131,22424.67659
380,,-74.92782954,,,,2444.933839,2370.006009
381,,-3510.153364,-4363.068707,,-7195.13682,27153.2818,12084.92291
382,,-46.52892644,,,,2343.272232,2296.743305
383,,-42.5885856,,,,2588.608981,2546.020396
384,,-55.13869683,,,,2445.626613,2390.487917
385,,-3648.209021,-3996.153161,,-7224.350896,27102.20814,12233.49506
386,,-2572.184699,-4616.584228,,-7375.659966,47409.88042,32845.45153
387,,-2518.133864,-3853.833572,,-7375.659966,26779.25651,13031.62911
388,,-3750.198781,-6126.946513,,-9990.431194,37748.78992,17881.21343
389,,-2462.90118,-4264.751374,,-7419.603623,42966.34379,28819.08761
390,,-2342.147128,-4926.024344,,-10478.56301,28404.46597,10657.73149
391,,-2429.475841,-1601.38082,,-7003.176686,22851.18367,11817.15032
392,,-75.64881619,,,,2690.696394,2615.047578
393,,-2698.014964,-4973.189954,,-9599.92574,24777.5365,7506.405843
394,,-2285.204776,-4021.836916,,-7419.603623,26912.42926,13185.78394
395,,-4615.729097,-4242.056937,,-9902.984011,33442.24158,14681.47154
396,,-2363.11993,-4348.872501,,-7427.238008,47744.30672,33605.07628
397,,-3482.0582,-3367.714141,,-7452.145744,27259.49268,12957.5746
398,,-2675.310329,-5362.958738,,-11031.82794,33659.41817,14589.32116
399,,-2370.58163,-4643.633299,,-7003.176686,31679.08113,17661.68951
400,,-3572.139147,-4883.885715,,-7607.761154,26439.2009,10375.41489
401,,-2210.493486,-3156.709203,,-7003.176686,31877.77583,19507.39646
402,,-3480.958228,-5231.944222,,-7003.176686,18828.42853,3112.349398
403,,-3532.415705,-4429.764833,2430.320161,-9839.611239,29491.622,14120.15038
404,,-2299.350519,-1912.108697,,-7003.176686,21722.89769,10508.26179
405,,-2553.226789,-4234.401239,,-7614.85635,26625.18892,12222.70454
406,,-73.50740659,,,,2476.094097,2402.586691
407,,-53.07377555,,,,2626.114369,2573.040593
408,,-3599.276221,-5622.965372,,-7935.340136,23062.24857,5904.666839
409,,-3454.543966,-4360.964232,,-7614.85635,39451.31139,24020.94684
410,,-2415.559612,-3259.761157,,-7018.115203,31874.05051,19180.61454
411,,-3334.818663,-3982.958187,,-7614.85635,26729.73456,11797.10136
412,,-2606.877313,-5587.864408,,-7050.97994,18755.36006,3509.638397
413,,-2858.82625,-3103.463295,,-7037.984974,65312.49418,52312.21966
414,,-2637.849928,-3941.882975,,-7037.984974,31191.30047,17573.58259
415,,-2471.722393,-2486.560769,,-7037.984974,31589.23563,19592.9675
416,,-3477.572268,-2806.500687,,-7614.85635,47959.65372,34060.72441
417,,-3430.331512,-4385.460884,,-8304.064717,23531.41565,7411.558534
418,,-2546.314085,-6229.771289,,-7956.68489,26074.57783,9341.807562
419,,-3225.970902,-6136.859382,,-7098.783194,20568.41414,4106.800662
420,,-2192.018145,-71.26290226,,-4007.470947,31324.30708,25053.55509
421,,-2506.031638,-3711.981319,,-3530.820145,47169.69324,37420.86014
422,,-3681.22111,-3064.412299,,-3563.362266,36313.04345,26004.04777
423,,-2396.371529,,122.9726637,-3812.152575,30908.06351,24822.51207
424,,-3332.961116,-4967.006507,,-5304.365748,16447.00886,2842.675487
425,,-3504.830629,-3025.739678,,-3563.362266,26348.4297,16254.49713
426,,-3669.662615,-2587.397153,,-3709.801811,34362.52256,24395.66098
427,,-3174.28087,-5406.476263,,-4311.831053,40196.2427,27303.65452
428,,-2416.578954,-26.7913414,,-3689.179911,30847.43149,24714.88128
429,,-2052.877202,-2829.774608,,-3513.539157,64559.58196,56163.39099
430,,-2978.527242,-7339.790254,,-4995.215597,21125.11458,5811.581491
431,,-3165.177383,-3443.524661,,-3709.801811,25750.56094,15432.05708
432,,-2553.162851,-5026.69071,,-4214.204689,20716.97879,8922.920541
433,,-2331.141322,-43.59844597,,-3525.48997,53246.76535,47346.53561
434,,-2480.197873,-5194.573278,,-3709.801811,45946.31281,34561.73985
435,,-2856.090486,-7605.617141,,-4995.215597,16307.93574,851.0125172
436,,-3570.588647,-4565.272411,,-5304.365748,16530.52016,3090.293355
437,,-2341.475155,-3980.388596,,-3726.072872,25469.99188,15422.05526
438,,-3516.600541,-3433.331199,,-3807.428175,33342.1006,22584.74068
439,,-3839.373773,-6191.175513,,-6915.200745,22732.50893,5786.758902
440,,-2155.387441,-3052.558216,,-3549.391597,30975.5675,22218.23025
441,,-4693.508288,-5266.166667,,-5826.252057,16518.27456,732.3475499
442,,-3434.753921,-3561.916736,,-3807.428175,42449.789,31645.69017
443,,-3411.932388,-5179.333444,,-5987.357542,16459.57684,1880.95347
444,,-2126.871503,-1608.923366,,-3549.391597,64278.63429,56993.44783
445,,-3655.081272,-3572.767334,,-3807.428175,40944.92469,29909.64791
446,,-2454.136751,-2939.128921,,-3585.244037,62816.68833,53838.17862
447,,-2346.183568,-4197.673492,,-6456.933922,31117.93147,18117.14049
448,,-2313.026425,-4697.084024,529.9643787,-5829.608166,32494.29753,20184.54329
449,,-3646.734089,-3743.931815,,-3807.428175,31210.37503,20012.28095
450,,-2243.624819,-4266.580021,,-3819.13241,24830.15107,14500.81382
451,,-2122.82407,-249.8801418,,-5299.643787,30208.26888,22535.92089
452,,-3666.70978,-4503.495342,,-4279.288932,17749.21786,5299.723802
453,,-2236.820724,-5308.061765,,-3967.670068,16444.73845,4932.185888
454,,-2177.533519,-2996.305027,,-3585.244037,50344.63016,41585.54758
455,,-2292.672301,-3186.956521,,-3585.244037,30370.52694,21305.65408
456,,-3519.680663,-4145.552558,,-4653.523325,17996.38551,5677.628968
457,,-2359.528454,-1407.343135,,-3597.194851,30183.16974,22819.10331
458,,-2069.020445,-3590.528426,,-3617.361849,29955.17047,20678.25975
459,,-3668.761611,-3890.42766,,-3819.13241,41188.17681,29809.85513
460,,-3533.92759,-3968.562889,403.5885795,-4439.474375,22630.71386,11092.33758
461,,-2454.89701,-421.1008855,,-4035.885795,50267.83646,43355.95277
462,,-2528.189717,-6454.541628,,-5239.281506,16352.90332,2130.890466
463,,-3422.762467,-3117.862241,,-3888.783478,30106.11065,19676.70246
464,,-2557.635004,-3837.415703,514.8964588,-5663.861047,29646.35893,18102.34363
465,,-2262.260831,-275.7728469,,-5148.964588,29750.9687,22063.97043
466,,-2164.845324,-1938.568703,,-3621.096478,29813.67555,22089.16505
467,,-3071.071827,-4557.961922,,-3888.783478,24796.58179,13278.76457
468,,-3522.774906,-3007.766006,,-3905.054538,24408.88631,13973.29086
469,,-2464.882445,-3817.023896,,-3921.325599,41279.37345,31076.14151
470,,-2351.05094,-565.8594995,581.4192313,-3488.515388,22516.32473,16692.31813
471,,-2484.370006,,145.3548078,-3052.450964,62312.63873,56921.17257
472,,-2417.963337,-5952.113019,,-5156.160139,22229.38243,8703.145937
473,,-2227.176396,-4804.906331,,-3953.86772,40505.97892,29520.02847
474,,-2502.710366,-16.49088083,,-2907.096156,61377.90566,55951.60826
475,,-2829.064652,-4554.027883,,-3621.096478,59796.78145,48792.59243
476,,-2317.291647,-3651.013829,,-3621.096478,29442.50771,19853.10576
477,,-3689.295316,-3152.961173,,-3986.409841,24034.13142,13205.46509
478,,-2835.526255,-3852.581125,,-3986.409841,40423.29019,29748.77297
479,,-3666.061876,-5216.576943,,-5092.720861,16748.33964,2772.979955
480,,-2228.679171,-2668.052906,,-3621.096478,29905.68219,21387.85364
481,,-3654.293615,-4225.749847,,-4099.161086,20958.19392,8978.989369
482,,-2204.783686,-2459.326539,,-3621.096478,29630.62957,21345.42286
483,,-2364.26892,-3439.71378,,-3644.998105,58536.85904,49087.87824
484,,-2235.113489,-5918.926336,,-5156.160139,23755.91226,10445.71229
485,,-2120.677135,-3383.458725,,-3644.998105,21628.01527,12478.88131
486,,-2247.21017,-1497.969282,,-3680.850545,20983.67517,13557.64518
487,,-3220.020247,-3615.550934,,-4131.079558,39050.9346,28084.28387
488,,-3355.077481,-4072.490779,,-5304.365748,17205.56379,4473.629784
489,,-2274.701818,-1826.431847,,-3692.801359,50439.75937,42645.82435
490,,-2175.195636,-2173.055652,,-3704.752172,29945.14061,21892.13715
491,,-3386.5113,-539.705279,915.5183418,-5493.110051,37724.37616,29220.56787
492,,-2215.056918,-3235.152103,,-4165.391508,37425.26082,27809.66029
493,,-3280.937904,-4368.077475,,-4165.391508,37670.42323,25856.01635
494,,-2479.076387,,228.8795854,-4806.471294,29764.19405,22707.52595
495,,-3436.063029,-5225.407534,,-4181.662568,23829.15177,10986.01864
496,,-2332.429002,-129.3722608,,-4577.591709,28956.17068,21916.77771
497,,-3493.434807,-6372.20304,1429.24435,-6447.130958,20779.42834,5895.903888
498,,-3657.36874,-3987.435002,,-4230.47575,23720.00466,11844.72517
499,,-2529.053701,-3680.332025,,-3747.326945,58494.20317,48537.4905
500,,-2204.457554,-5019.511602,,-3728.653799,29241.93351,18289.31055
501,,-3459.288402,-5574.582137,,-5092.720861,23669.89765,9543.306247
502,,-3425.906366,-4365.932026,,-4279.288932,24153.3739,12082.24657
503,,-3397.332102,-5557.228381,,-5190.468324,16895.36644,2750.337638
504,-731.9785215,-2277.50594,-2992.093068,,-7104.758601,28868.52213,15762.186
505,-380.0537955,-3535.811456,-5243.62837,,-7159.921468,29000.75898,12681.34389
506,-380.0537955,-2486.736808,-4197.002919,,-7170.488075,58469.41309,44235.13149
507,-380.0537955,-2482.12645,-5155.446275,,-7132.874555,19722.16446,4571.663382
508,-911.4351385,-2454.313259,-6583.274022,,-8043.653777,25121.87108,7129.194886
509,-76.01075911,-68.40989178,,,,2617.419752,2472.999101
510,-182.2870277,-54.95805898,,,,2748.03508,2510.789994
511,-731.9785215,-2366.751436,-2977.221008,,-7132.874555,28916.1248,15707.29928
512,-182.2870277,-60.41614824,,,,2374.446789,2131.743613
513,-731.9785215,-2438.290073,-2755.953424,,-7209.643144,28781.93692,15646.07176
514,-76.01075911,-72.12413727,,,,2671.868049,2523.733152
515,-380.0537955,-3228.558334,-3196.085252,,-7242.192956,28419.49992,14372.60959
516,-380.0537955,-3393.434739,-4272.014164,,-7242.192956,26870.2978,11582.60215
517,-380.0537955,-3575.733601,-2595.096757,,-7289.996209,26916.40702,13075.52665
518,-380.0537955,-3535.276106,-2908.598564,,-7289.996209,26916.95885,12803.03417
519,-380.0537955,-3789.472947,-5949.588403,,-7349.337379,21245.77636,3777.323839
520,-731.9785215,-2371.349015,-2857.219255,,-7209.643144,48829.51285,35659.32291
521,-380.0537955,-3151.23962,-2503.228295,,-7313.897836,25944.0697,12595.65015
522,-380.0537955,-2434.44622,-2742.959083,,-7234.723697,19963.42567,7171.242872
523,-76.01075911,-47.1718077,,,,2458.311993,2335.129426
524,-731.9785215,-2241.593705,-2536.242874,,-7243.974778,49013.24186,36259.45199
525,-731.9785215,-2227.326776,-389.9857997,,-7243.974778,28309.14791,17715.88203
526,-76.01075911,-71.5304906,,,,2396.747717,2249.206468
527,-380.0537955,-2744.895909,-5557.243328,,-7349.337379,25198.56309,9167.032675
528,-731.9785215,-2455.172144,-28.21045998,,-7278.045396,28143.97626,17650.56973
529,-380.0537955,-3491.756896,-2797.980103,,-7385.602717,54679.19285,40623.79934
530,-380.0537955,-2087.79993,-5042.61919,,-7409.504344,25116.68892,10196.71166
531,-731.9785215,-2650.490604,-2795.685092,,-7278.045396,28123.11171,14666.91209
532,-380.0537955,-2284.467255,-3436.509795,,-7321.367095,56060.15667,42637.75873
533,-380.0537955,-3510.195577,-4092.171365,,-7481.209225,24993.51703,9529.887068
534,-731.9785215,-2489.944146,-4304.619704,,-7381.301314,48585.79344,33677.94976
535,-380.0537955,-3495.046852,-3664.865221,,-7481.209225,47184.05589,32162.88079
536,-380.0537955,-2410.767949,-2547.457313,,-7381.301314,27933.40538,15213.82501
537,-380.0537955,-3564.527738,-5719.063072,,-7917.229404,21331.05202,3750.17801
538,-380.0537955,-3561.068322,-4658.377692,,-7481.209225,47370.8198,31290.11076
539,-76.01075911,-59.94557205,,,,2499.778524,2363.822193
540,-128.1244502,-3681.290565,-4775.680256,,-7860.760341,21511.12787,5065.272253
541,-76.01075911,-36.64538065,,,,2745.169178,2632.513038
542,-380.0537955,-2383.696445,-3676.628991,,-7381.301314,48460.92655,34639.246
543,-380.0537955,-3460.967022,-4903.678951,,-7600.717359,25132.27693,8786.859806
544,-380.0537955,-3418.411466,-3002.765487,,-7600.717359,46981.57279,32579.62468
545,-380.0537955,-3155.057805,-5387.493891,,-7600.717359,24935.62997,8412.307115
546,-731.9785215,-2316.177132,-4291.765386,,-7484.296217,47369.91448,32545.69723
547,-731.9785215,-2877.139978,-2309.586671,,-7484.296217,47687.98653,34284.98514
548,-731.9785215,-2243.052707,-3686.723141,,-7494.65389,47426.20033,33269.79207
549,-731.9785215,-2907.522181,-2612.783535,,-7494.65389,28189.55135,14442.61323
550,-128.1244502,-3394.380354,-4663.611287,,-7672.42224,24519.05885,8660.520516
551,-128.1244502,-3510.985084,-5431.433791,,-7672.42224,54346.53504,37603.56947
552,-731.9785215,-2484.488739,-772.0560807,,-7494.65389,55354.33553,43871.1583
553,-76.01075911,-38.08392317,,,,2336.308225,2222.213543
554,-380.0537955,-3273.318331,-3207.244522,,-7672.42224,24561.24697,10028.20809
555,-380.0537955,-3490.237565,-4241.17649,,-7768.028748,24192.24296,8312.746364
556,-380.0537955,-3151.907809,-6259.58453,,-7768.028748,23464.32068,5904.745797
557,-380.0537955,-3547.022009,-3798.330813,,-7791.930375,23885.16322,8367.826227
558,-76.01075911,-61.95052914,,,,2466.103175,2328.141887
559,-128.1244502,-3552.069404,-4870.485686,791.7396182,-8292.076671,29469.50572,13418.48913
560,-380.0537955,-2372.510603,-3601.258622,,-7495.002592,28039.0195,14190.19389
561,-380.0537955,-2309.280606,-4176.786472,,-7495.002592,27776.49513,13415.37166
562,-731.9785215,-2460.101183,-2380.022731,,-7537.975589,46791.15586,33681.07783
563,-128.1244502,-4600.098807,-4829.648197,,-9919.17517,43162.96427,23685.91764
564,-911.4351385,-2337.305882,-4891.450894,,-8071.771591,22743.55061,6531.587107
565,-380.0537955,-3826.547635,-5227.006553,,-9735.977869,27849.86025,8680.2744
566,-380.0537955,-2738.834944,-3816.107262,,-7791.930375,24007.43101,9280.504634
567,-76.01075911,-56.18294607,,,,2568.286476,2436.092771
568,-25.62489004,-72.68507506,,,,2498.984902,2400.674937
569,-380.0537955,-3544.818266,-4577.659949,,-7791.930375,23434.87489,7140.412503
570,-380.0537955,-2389.734573,-5668.343627,,-7841.81875,45698.51728,29418.56654
571,-380.0537955,-3078.879052,-4745.404905,,-7841.81875,23224.3581,7178.201602
572,-76.01075911,-68.42343019,,,,2552.527856,2408.093667
573,-911.4351385,-3704.820839,-4097.892109,,-7736.706258,21777.22238,5326.36804
574,-76.01075911,-62.76715786,,,,2400.800582,2262.022665
575,-25.62489004,-56.86457011,,,,2350.466244,2267.976784
576,-380.0537955,-2546.107803,-4771.860991,831.1358693,-8360.75853,30651.37616,15423.73091
577,-76.01075911,-62.67357004,,,,2413.664042,2274.979712
578,-731.9785215,-3791.756956,-5075.886798,,-7593.980377,20970.78814,3777.185489
579,,-2395.617878,-5556.615756,,-10233.99814,29526.56739,11340.33562
580,,-72.26577063,,,,2426.370061,2354.10429
581,,-3253.054275,-4752.980492,,-7841.81875,51543.33557,35695.48205
582,,-3300.701141,-4030.868582,,-7860.760341,23083.02542,7890.695358
583,,-3458.78599,-3688.654383,,-7863.635255,45751.6338,30740.55817
584,,-2438.418688,-2582.896846,,-7581.297287,45048.37672,32445.7639
585,,-2440.882541,-1332.002258,,-7593.980377,44525.83981,33158.97464
586,,-2368.583685,-11.85454576,,-7593.980377,27503.72608,17529.30747
587,,-3462.632062,-4824.115952,,-7863.635255,22609.13212,6458.748855
588,,-3442.197993,-5627.193507,,-7863.635255,22286.43726,5353.410509
589,,-62.95690205,,,,2781.884052,2718.92715
590,,-2072.506185,-3783.737284,,-7887.536882,22417.20423,8673.423878
591,,-2428.95217,-1665.824205,,-7593.980377,44407.63649,32718.87973
592,,-2435.947494,-2875.174733,,-7593.980377,52500.17259,39595.06999
593,,-3801.651845,-4127.102126,,-7593.980377,20257.65659,4734.922244
594,,-2258.484723,-3476.650108,,-7593.980377,51746.62088,38417.50567
595,,-79.40190158,,,,2434.517614,2355.115712
596,,-2627.222263,-5535.341208,,-10766.58466,40754.66959,21825.52146
597,,-3484.228333,-2260.767786,,-7887.536882,22363.94992,8731.416923
598,,-2402.815484,-3399.751423,,-7614.85635,27583.33119,14165.90793
599,,-57.67092686,,,,2685.517836,2627.846909
600,,-3807.608428,-5449.611795,,-8618.423989,32067.71934,14192.07513
601,,-2375.042815,-4504.102855,,-7887.536882,21833.07225,7066.389697
602,,-58.00237564,,,,2819.273883,2761.271507
603,,-69.38143626,,,,2777.224415,2707.842978
604,,-54.76537068,,,,2709.210407,2654.445036
605,,-63.9935111,,,,2559.806501,2495.81299
606,,-2216.511535,-3391.085074,,-7887.536882,21789.31937,8294.185879
607,,-3558.661935,-3310.15177,,-7983.14339,20921.38217,6069.425079
608,,-2498.714134,-4370.642788,,-7983.14339,20997.41179,6144.91148
609,,-2381.430021,-3977.572055,,-7614.85635,44205.0282,30231.16977
610,,-3172.963101,-3080.836878,,-7983.14339,46167.58364,31930.64027
611,,-52.55770192,,,,2209.233977,2156.676275
612,,-2870.402694,-2438.032377,,-7614.85635,42499.77413,29576.48271
613,,-2123.491444,-4765.7561,,-7983.14339,20696.31813,5823.927194
614,,-2449.716887,-4161.344664,,-7638.264821,26863.0804,12613.75403
615,,-57.8121407,,,,2257.904862,2200.092721
616,,-3410.443655,-3367.169158,,-7671.998829,20680.83128,6231.219637
617,,-58.79621931,,,,2284.020411,2225.224192
618,,-2132.064375,-3310.954533,,-7681.081889,26538.92842,13414.82763
619,,-2782.716779,-2583.910648,,-7681.081889,26523.18019,13475.47087
620,,-4026.803296,-3889.88702,,-8907.406377,24564.57281,7740.476119
621,,-81.90453686,,,,2796.555373,2714.650836
622,,-3795.76462,-4160.320264,,-12169.40462,40851.37407,20725.88456
623,,-3644.254218,-2771.152686,,-7724.617655,20951.01113,6810.986573
624,,-4598.023818,-4564.713678,,-10001.16015,40477.69551,21313.79787
625,,-3644.999942,-3967.19317,,-7724.617655,21049.18494,5712.374171
626,,-3865.513426,-3794.493009,,-9887.510598,37700.49542,20152.97839
627,,-2485.591186,-2387.279555,,-7724.617655,42662.93769,30065.44929
628,,-60.28989183,,,,2495.670726,2435.380834
629,,-51.52436344,,,,2645.585826,2594.061462
630,,-2430.103448,-4887.303844,,-7983.14339,41374.36038,26073.80969
631,,-2302.614198,-4012.324599,,-7724.617655,26457.87522,12418.31877
632,,-2332.716903,-3548.075058,,-7724.617655,41628.99647,28023.58686
633,,-2444.396662,-5216.335481,,-7736.706258,50726.75127,35329.31287
634,,-62.8298644,,,,2490.247201,2427.417337
635,,-2076.83289,-4016.907242,,-8130.436351,45154.7846,30930.60812
636,,-2220.460578,-3552.083833,,-7762.495279,26563.80992,13028.77023
637,,-2123.908909,-4717.101245,,-8130.436351,41821.70854,26850.26203
638,,-2401.316829,-2794.169793,,-7783.044842,25896.12475,12917.59328
639,,-62.16332202,,,,2863.035574,2800.872252
640,,-2556.690932,-3707.473025,854.0404406,-8530.993557,30480.44004,16539.32297
641,,-68.14599858,,,,2554.872898,2486.726899
642,,-2280.293844,-2057.418139,,-7783.044842,25812.49736,13691.74053
643,,-64.64198566,,,,2698.216804,2633.574818
644,,-2267.990728,-3209.821946,,-7783.044842,25264.27781,12003.42029
645,,-2359.150976,-3359.931331,,-7783.044842,50215.80819,36713.68104
646,,-2495.754732,-4010.72717,,-10183.85714,34103.28106,17412.94203
647,,-73.11674402,,,,2559.726001,2486.609257
648,,-3470.058174,-3152.431303,,-8130.436351,41149.44983,26396.52401
649,,-2457.708334,-3091.513199,,-7797.905781,25741.6511,12394.52378
650,,-2657.109386,-5267.436712,,-13478.49056,44738.18824,23335.15158
651,,-2418.805803,-2872.28253,,-7812.031974,25593.38033,12490.26002
652,,-3562.711249,-4194.661175,,-10185.44172,28892.3944,10949.58025
653,,-31.99824697,,,,2352.043932,2320.045685
654,,-4229.417199,-4066.644031,,-10474.69992,31112.05145,12341.2903
655,,-46.87629719,,,,2883.658452,2836.782155
656,,-2451.398953,-2579.125382,,-7812.031974,40842.82155,28000.26524
657,,-63.23452013,,,,2688.133044,2624.898524
658,,-53.09152269,,,,2478.929289,2425.837766
659,,-2592.993081,-5915.922888,,-10158.19144,39933.34413,21266.23672
660,,-2194.985489,-4604.680032,,-8158.18528,37943.52673,22985.67593
661,,-2249.46412,-2843.747614,,-7814.073321,25443.12825,12535.8432
662,,-2392.818256,-1660.267496,,-7841.22748,48446.5636,36552.25037
663,,-63.14403628,,,,2757.477508,2694.333471
664,,-2387.338432,-2435.146828,,-7841.22748,25038.83567,12375.12293
665,,-2437.271271,-5021.149613,,-7842.48523,24947.61733,9646.711213
666,,-2438.00865,-3584.117666,,-7842.651198,40722.9078,26858.13028
667,,-2471.548511,-3564.338198,,-7842.651198,24934.0877,11055.54979
668,,-64.55666988,,,,2495.068102,2430.511433
669,,-2213.021793,-2533.497182,,-7842.651198,24733.29951,12144.12934
670,,-56.60680413,,,,2366.849867,2310.243063
671,,-2079.612755,-3413.256252,,-7861.944191,24594.53894,11239.72575
672,,-2253.011798,-3086.953282,,-3740.604612,37507.66313,28427.09344
673,,-2401.867365,-2490.422737,,-3747.326945,19210.92927,10571.31223
674,,-2374.48204,-4835.549146,,-3800.35868,19165.56921,8155.179345
675,,-3434.07906,-4739.147786,,-3800.35868,18450.77656,6477.191031
676,,-2475.520558,-1146.820257,,-3747.326945,24519.95497,17150.28721
677,,-2372.955575,-2872.896149,,-3747.326945,24564.78086,15571.60219
678,,-4220.384707,-5275.01073,,-4158.883083,21187.24756,7532.969041
679,,-2679.92511,-5481.099157,,-4158.883083,20256.4504,7936.543051
680,,-2298.484338,-4826.37119,,-3768.987794,18962.32767,8068.484345
681,,-3473.165602,-4376.231029,,-3884.014374,18592.15208,6858.741076
682,,-2302.507573,-4899.5554,,-3884.014374,18357.91685,7271.839501
683,,-2464.101493,-3097.057212,,-3768.987794,49379.97014,40049.82364
684,,-3231.915192,-2492.831829,,-3884.014374,40800.16963,31191.40824
685,,-2125.759576,-5009.834453,,-3884.014374,36980.37162,25960.76321
686,,-2142.772586,-5517.180783,,-4003.522508,26721.4715,15057.99562
687,,-2491.525464,-5558.518491,,-4875.931891,16807.68642,3881.710579
688,,-3406.871631,-3649.605869,,-3931.817628,18226.18365,7237.888526
689,,-3184.227626,-2988.780841,,-3931.817628,35758.30391,25653.47781
690,,-2344.813467,-4383.379976,,-3931.817628,18374.94651,7714.935443
691,,-3640.070022,-3566.541035,,-3931.817628,39534.4417,28396.01302
692,,-3182.2106,-3727.717215,,-3967.670068,39428.30044,28550.70256
693,,-2426.760121,-3470.515708,,-3967.670068,18198.68554,8333.739645
694,,-3439.337269,-2845.532715,,-3991.571695,17904.07312,7627.631437
695,,-3248.729311,-2802.294335,,-3991.571695,35810.36634,25767.771
696,,-3466.287709,-4199.099029,,-3991.571695,34410.18789,22753.22946
697,,-2425.333374,-7108.506838,,-4636.915622,16677.66965,2506.913818
698,,-4531.131503,-57.95779081,695.1106846,-3012.1463,34662.73601,27756.61111
699,,-2438.457497,-67.92165611,231.7035615,-2548.739177,23996.79289,19173.37812
700,,-2470.42591,-4086.171575,,-4875.931891,17451.47109,6018.941718
701,,-3323.627719,-4729.929718,,-4003.522508,18032.21198,5975.132039
702,,-2186.412165,-50.80899997,77.23452051,-2394.270136,39692.58097,35138.32419
703,,-3205.024075,-4066.833645,,-4158.883083,17478.68299,6047.942186
704,,-2365.216113,-6253.296899,,-5210.554668,16673.81458,2844.746899
705,,-4558.487378,-3819.501575,,-4751.149688,16716.74483,3587.606189
706,,-3313.034758,-2685.06643,,-4158.883083,17324.30368,7167.31941
707,,-2510.621227,-19.24225202,,-2317.035615,24524.7736,19677.8745
708,,-3411.919237,-3206.093819,,-4158.883083,17210.07853,6433.182387
709,,-2443.725463,-2770.504845,,-3835.999414,24058.2055,15007.97578
710,,-2355.370453,-2674.16879,,-3835.999414,39586.3307,30720.79204
711,,-2041.390909,-96.70733078,907.3899955,-3932.023314,33522.17463,28359.44308
712,,-2114.202963,-46.03793689,302.4633318,-3327.09665,23912.10111,18727.22689
713,,-2036.495563,-36.61620312,100.8211106,-3125.454429,39449.74503,34351.99995
714,,-3522.966302,-5888.769529,466.9102227,-5136.01245,34394.89561,20314.05755
715,,-2155.734796,-5342.273565,,-4158.883083,37174.51837,25517.62692
716,,-2298.554562,-343.827205,,-4669.102227,39781.70816,32470.22417
717,,-2267.239006,-78.45650039,,-3024.633318,23900.55309,18530.22427
718,,-4099.627331,-325.2120882,659.6849029,-3958.109417,27657.47338,19934.20944
719,,-3871.266869,-4539.034786,,-4385.948539,16285.65506,3489.404868
720,,-3575.557173,-7009.415202,,-4930.131355,19252.74479,3737.641059
721,,-2260.309077,-43.43518491,164.9212257,-3463.34574,38784.05676,33181.88799
722,,-2268.951374,-4631.680745,,-4158.883083,16994.34605,5934.830847
723,,-2039.428353,-195.4630429,,-3298.424514,23983.42327,18450.10736
724,,-2440.007951,-3633.6468,,-3835.999414,18834.06058,8924.406415
725,,-3440.7685,-3690.723269,,-4158.883083,17012.35651,5721.981653
726,,-2246.771516,-4215.39009,,-4158.883083,17173.94047,6552.895784
727,,-3757.694088,-4103.079613,,-4158.883083,30903.33303,18883.67625
728,,-2511.633655,-3304.866979,,-3898.952891,18055.81899,8340.365468
729,,-3428.635988,-3427.997943,,-4158.883083,16698.13669,5682.619673
730,,-2435.92289,-5721.474047,,-5074.980495,16593.62274,3361.245308
731,,-3379.442209,-3918.103657,,-4158.883083,34463.57928,23007.15033
732,,-2285.402387,-4032.913468,,-3920.61374,47259.26267,37020.33308
733,,-2167.104897,-2640.149872,,-3920.61374,18128.55607,9400.687562
734,,-2277.083508,-3908.665464,,-4158.883083,31929.81841,21585.18636
735,,-2199.427881,-2142.882774,,-3921.242615,18098.8332,9835.279932
736,,-2516.120721,-2708.913456,,-3986.853272,23687.76883,14475.88138
737,,-3442.533096,-4484.247115,486.7988934,-5354.787828,28353.02008,15558.25094
738,,-3595.968631,-4784.226233,,-4158.883083,20966.54443,8427.466482
739,,-2384.335429,-3706.361959,,-4170.833897,16611.34416,6349.812876
740,,-2119.789377,-5819.450548,,-4158.883083,16746.881,4648.757994
741,,-2333.230563,-158.7357786,,-4867.988934,23939.53726,16579.58199
742,,-2344.932593,-2543.438068,,-3986.853272,23580.09411,14704.87018
743,,-2384.016531,-3165.128266,,-3986.853272,39077.41341,29541.41534
744,,-2112.668093,-4825.431896,,-4170.833897,16522.25152,5413.317632
745,,-2226.485804,-2919.316969,,-4046.024432,23460.30907,14268.48186
746,,-3121.644771,-3254.770765,,-4517.407487,16579.88067,5686.057641
747,,-2375.418656,-2823.119487,,-4046.024432,23340.03974,14095.47716
748,,-3589.387256,-828.347545,849.1172435,-3679.508055,31835.12705,24587.00144
749,,-2242.216459,-33.75803457,283.0390812,-3113.429893,23661.23602,18554.87071
750,,-2444.003911,-96.9127539,94.34636038,-2924.737172,38416.68985,33045.38237
751,,-3334.96507,-5156.610873,,-6895.619365,34866.27806,19479.08275
752,,-3631.159073,-205.0525925,863.6854315,-3742.63687,35756.45539,29041.29229
753,,-3263.972792,-2837.030168,,-4517.407487,31502.54186,20884.13141
754,,-2459.441698,-11.2306223,,-2830.390812,38523.5057,33222.44257
755,,-3316.484324,-4567.673175,,-4636.915622,16550.77267,4029.699549
756,-146.3957043,-52.91384389,,,,2429.983729,2230.674181
757,-76.01075911,-53.71893627,,,,2704.006091,2574.276396
758,-380.0537955,-2232.120627,-2184.848767,,-7861.944191,22988.01892,10329.05154
759,-380.0537955,-3689.771139,-3662.041857,,-8027.720242,22004.34449,6244.757457
760,-146.3957043,-65.9734367,,,,2665.29819,2452.929049
761,-76.01075911,-67.14302714,,,,2329.274745,2186.120958
762,-146.3957043,-74.50879765,,,,2566.04955,2345.145048
763,-731.9785215,-2528.742841,-3437.460108,,-7878.982818,45872.76408,31295.59979
764,-128.1244502,-2440.885691,-2579.056606,,-7870.006237,22744.02176,9725.948778
765,-731.9785215,-3745.624097,-4922.638375,,-13579.63239,44939.98203,21960.10865
766,-731.9785215,-3415.393569,-3616.619602,,-7878.982818,22781.58253,7138.60802
767,-128.1244502,-2241.250622,-3486.780338,,-7900.780528,22780.73549,9023.799552
768,-76.01075911,-60.96768071,,,,2532.353267,2395.374827
769,-128.1244502,-2424.664247,-2766.225342,,-7900.780528,47954.18018,34734.38561
770,-380.0537955,-3382.981294,-5597.48114,,-8027.720242,36721.99315,19333.75668
771,-146.3957043,-44.833138,,,,2469.941859,2278.713017
772,-731.9785215,-4548.438634,-4062.805653,,-8449.54904,29682.95315,11890.1813
773,-146.3957043,-67.58313725,,,,2465.159086,2251.180244
774,-76.01075911,-48.42828617,,,,2855.450656,2731.01161
775,-380.0537955,-2459.492055,-4282.678695,,-8027.720242,22234.09906,7084.154275
776,-911.4351385,-2793.726674,-5185.876805,,-7907.73544,37945.76911,21146.99505
777,-911.4351385,-2795.320805,-3418.090612,,-7919.750136,22601.03676,7556.440071
778,-380.0537955,-3487.448681,-5153.150003,,-8030.926721,21983.7875,4932.2083
779,-128.1244502,-2159.008164,-3093.484307,,-7937.358215,22502.84346,9184.868325
780,-76.01075911,-44.497919,,,,2345.752776,2225.244098
781,-128.1244502,-2453.57614,-4738.203234,,-7942.474066,22470.33294,7207.955051
782,-731.9785215,-2353.182777,-4177.251059,778.7602802,-8237.940625,30333.66364,15612.07094
783,-380.0537955,-3610.388254,-2403.620012,,-8092.048865,22163.11855,7677.007622
784,-380.0537955,-3617.982473,-2846.58913,,-8203.461088,22171.9001,7123.813609
785,-76.01075911,-71.22721211,,,,2744.925261,2597.68729
786,-128.1244502,-2384.092805,-21.46647959,,-7942.474066,22675.909,12199.7512
787,-128.1244502,-2176.934686,-4362.483965,,-7942.474066,22538.16846,7928.151296
788,-380.0537955,-3635.830881,-2747.08472,,-8203.461088,22088.33809,7121.907609
789,-76.01075911,-61.88702337,,,,2525.993059,2388.095277
790,-76.01075911,-51.08808722,,,,2290.373642,2163.274796
791,-76.01075911,-65.66583194,,,,2430.830276,2289.153685
792,-146.3957043,-36.85955327,,,,2254.578421,2071.323163
793,-76.01075911,-60.30267561,,,,2774.501544,2638.18811
794,-76.01075911,-47.3202781,,,,2351.940281,2228.609244
795,-731.9785215,-3528.449456,-2975.310528,,-8231.122769,21750.77496,6283.913681
796,-731.9785215,-2356.958446,-3827.813007,,-8248.369301,22315.69251,7150.573232
797,-911.4351385,-2451.31465,-5819.046248,,-7972.819682,21712.4355,4557.819779
798,-380.0537955,-3547.771346,-3720.040406,804.9451129,-8244.957722,29229.42504,14141.54688
799,-76.01075911,-66.53312919,,,,2725.981401,2583.437513
800,-128.1244502,-2465.992096,-1613.758412,,-7942.474066,46928.80176,34778.45274
801,-731.9785215,-2462.54058,-2948.235993,,-8248.369301,45869.50083,31478.37643
802,-76.01075911,-65.01927854,,,,2321.699764,2180.669726
803,-911.4351385,-2502.207786,-3174.048543,,-8005.361804,22277.77711,7684.723842
804,-380.0537955,-3419.820385,-3443.126691,,-8274.444468,21493.71312,5976.267786
805,-911.4351385,-2316.088807,-4288.021307,,-8005.361804,22498.49897,6977.591918
806,-76.01075911,-67.40162824,,,,2241.910529,2098.498142
807,-128.1244502,-2171.316155,-2826.080632,,-8014.941895,22411.91663,9271.453499
808,-146.3957043,-45.7753379,,,,2894.002712,2701.83167
809,-380.0537955,-3485.091059,-2182.002154,,-8297.234088,21872.12415,7527.743054
810,-128.1244502,-2392.04168,-1389.941166,,-8029.435461,22431.97472,10492.43196
811,-911.4351385,-2430.833115,-3373.261352,,-8037.903925,45774.83174,31021.39821
812,-380.0537955,-3249.920671,-3917.544348,,-8297.234088,21753.6081,5908.855198
813,-911.4351385,-2450.187666,-5625.797409,,-8037.903925,21332.491,4307.166861
814,-380.0537955,-3608.57664,-3541.935259,,-8297.234088,37024.00126,21196.20148
815,-911.4351385,-3599.727246,-4157.95665,,-8039.193491,21401.14691,4692.834384
816,-146.3957043,-51.465545,,,,2445.363616,2247.502367
817,-146.3957043,-50.25802522,,,,2267.962785,2071.309055
818,-76.01075911,-70.63868554,,,,2583.872838,2437.223393
819,-911.4351385,-2124.306305,-3295.410415,,-8071.771591,44936.46155,30533.5381
820,-128.1244502,-2454.180062,-497.2525112,,-8084.969795,37892.50793,26727.98111
821,-128.1244502,-2184.461361,-1146.106583,,-8089.654942,22357.89028,10809.54294
822,-128.1244502,-2038.115789,-4665.020489,,-8101.95781,21817.84304,6884.624503
823,-128.1244502,-2123.441416,-2473.923699,,-8110.887633,44842.55235,32006.17516
824,-146.3957043,-59.95168517,,,,2331.103803,2124.756414
825,-76.01075911,-74.06394928,,,,2454.548922,2304.474214
826,-731.9785215,-3497.348477,-2623.528155,,-8399.254106,44363.27437,29111.16511
827,-76.01075911,-75.16297855,,,,2692.244264,2541.070527
828,-146.3957043,-37.60240076,,,,2748.511537,2564.513432
829,-128.1244502,-2473.27848,-1519.007611,,-8110.887633,22222.17655,9990.878379
830,-128.1244502,-2188.162876,-2240.070435,,-8138.535497,36996.62663,24301.73338
831,-146.3957043,-68.28158693,,,,2516.152791,2301.475499
832,,-45.7727823,,,,2503.55558,2457.782797
833,,-2190.203629,-2663.084231,,-8138.629734,22291.86948,9299.951891
834,,-67.4990704,,,,2827.666098,2760.167028
835,,-2613.576039,-5651.759918,,-9269.541186,33749.98196,16215.10482
836,,-2360.111761,-4652.261238,,-8138.629734,21847.91153,6696.908796
837,,-2433.031199,-2974.917331,,-8153.353013,21856.4608,8295.159261
838,,-2838.323651,-3167.950677,,-8159.877553,37104.81734,22938.66546
839,,-64.60353556,,,,2252.713962,2188.110426
840,,-3457.619609,-4465.76887,,-8399.254106,36156.73104,19834.08846
841,,-3513.362127,-4220.341964,,-8399.254106,42551.4297,26418.47151
842,,-68.878275,,,,2427.120589,2358.242314
843,,-2490.165292,-3937.131789,,-8317.766167,28308.56349,13563.50024
844,,-3661.163589,-3660.128142,,-8399.254106,36619.35595,20898.81012
845,,-2404.106105,-825.283295,,-8174.585703,21743.52798,10339.55288
846,,-50.88811329,,,,2409.841618,2358.953505
847,,-73.83427219,,,,2552.384651,2478.550379
848,,-3566.098498,-3514.600402,,-8411.250335,42702.29726,27210.34802
849,,-2263.814727,-6161.449538,805.614083,-8211.654032,29869.80066,14038.49645
850,,-2336.053703,-4774.377516,,-8411.250335,34765.13674,19243.45519
851,,-3732.757365,-4358.523802,,-12777.69456,36994.4935,16125.51778
852,,-2145.702654,-3311.547991,,-8185.93421,21610.98695,7967.802092
853,,-62.12824869,,,,2715.581508,2653.45326
854,,-2423.976869,-3930.309285,,-8188.864685,36406.37302,21863.22218
855,,-61.82143776,,,,2705.96761,2644.146172
856,,-44.74852629,,,,2647.71036,2602.961834
857,,-3733.613291,-5180.943884,,-8722.133456,28239.30475,10602.61412
858,,-71.35932618,,,,2349.09508,2277.735754
859,,-47.49559015,,,,2826.839011,2779.343421
860,,-81.04426993,,,,2374.230213,2293.185943
861,,-3633.329237,-1685.817581,,-8411.250335,35152.45928,21422.06213
862,,-71.26209342,,,,2425.610414,2354.34832
863,,-3738.470721,-3682.399032,,-12777.69456,33751.48821,13552.9239
864,,-68.09538986,,,,2402.736306,2334.640916
865,,-2500.298491,-3410.832022,,-8198.310493,21568.90951,7459.468508
866,,-4530.567578,-4498.102803,,-11297.40866,30528.54907,10202.47003
867,,-44.74852629,,,,2541.03528,2496.286754
868,,-2267.592675,-3902.898045,,-7434.544714,33544.79287,19939.75743
869,,-3614.451655,-2304.644449,,-8411.250335,43525.34834,29195.0019
870,,-3605.978619,-5101.795521,,-8952.98454,29282.66855,11621.90987
871,,-2260.377395,-2171.402763,,-8198.310493,43798.12011,31168.02946
872,,-46.35587117,,,,2391.484152,2345.128281
873,,-2513.007292,-3577.109834,,-8198.310493,36103.73562,21815.308
874,,-2635.635101,-5207.211487,,-12779.90114,33196.73886,12573.99113
875,,-34.81835777,,,,2642.397465,2607.579107
876,,-50.02807358,,,,2495.195462,2445.167388
877,,-3606.846905,-3162.615258,,-8534.374661,35146.93589,19843.09907
878,,-3642.651104,-2839.658172,,-8534.374661,34215.19572,19198.51178
879,,-2387.446848,-4100.917227,,-8534.374661,34283.2469,19260.50817
880,,-2224.431017,-3362.057949,,-8211.690873,34490.93416,20692.75432
881,,-3503.875959,-4676.580866,,-8906.914812,31238.33023,14150.9586
882,,-2323.685231,-2483.859332,,-8217.051083,42143.82527,29119.22963
883,,-52.6161335,,,,2740.739467,2688.123334
884,,-67.41500354,,,,2581.40506,2513.990056
885,,-50.02807358,,,,2625.999183,2575.97111
886,,-69.35861585,,,,2598.39515,2529.036534
887,,-74.28617734,,,,2557.268145,2482.981967
888,,-2377.674541,-4144.911703,,-8547.588094,42411.83123,27341.65689
889,,-2424.423476,-727.9759392,,-8229.979716,35335.95747,23953.57834
890,,-3629.955673,-4592.784343,,-13115.88528,39045.32679,17706.70149
891,,-3292.669996,-3591.311708,,-8547.588094,41241.99414,25810.42434
892,,-37.37767055,,,,2924.870327,2887.492656
893,,-3624.776236,-4308.299962,,-8617.240139,36967.62203,20417.30569
894,,-3603.508136,-3271.27745,,-8617.240139,31862.64203,16370.61631
895,,-2426.605938,-3991.165471,,-8657.60009,30936.82393,15861.45243
896,,-52.14231771,,,,2749.175946,2697.033628
897,,-50.60725006,,,,2530.996686,2480.389436
898,,-3628.894171,-2478.962558,,-8707.661456,34898.14573,20082.62754
899,,-2509.566119,-4235.196204,,-8707.661456,34960.15318,19507.7294
900,,-66.51841572,,,,2619.185537,2552.667121
901,,-45.30186078,,,,2434.076868,2388.775007
902,,-51.04521073,,,,2533.489156,2482.443945
903,,-2516.069689,-2341.44113,,-8236.090726,34213.25746,21119.65591
904,,-2306.659036,-2868.753684,,-8241.432069,34348.14659,20931.3018
905,,-3647.433307,-2690.839233,,-8720.235041,30730.88605,15672.37847
906,,-3721.745295,-4549.276363,,-8317.766167,22524.36468,5935.576857
907,,-56.93704952,,,,2468.37457,2411.437521
908,,-3561.077358,-2777.33904,,-8720.235041,31004.89235,15946.24091
909,,-51.402724,,,,2774.963844,2723.56112
910,,-2494.987582,-4585.365236,,-8720.235041,29960.88879,14160.30093
911,,-42.21437337,,,,2667.387889,2625.173515
912,,-3788.010952,-4658.206603,,-11350.28508,32413.55101,12617.04838
913,,-2248.780873,-1435.643599,,-8241.432069,34012.58805,22086.73151
914,,-2119.668448,-3461.479413,,-8290.319645,41653.04984,27781.58233
915,,-3829.654755,-5015.334439,,-9338.204454,25654.00743,7470.813784
916,,-3783.911261,-4513.930812,2412.848194,-9832.64215,29782.23325,14064.59722
917,,-3649.958458,-4271.203492,,-8720.235041,30349.55742,13708.16043
918,,-2086.464743,-4262.702596,,-8252.486675,37019.487,22417.83299
919,,-42.27912967,,,,2535.581014,2493.301884
920,,-45.89978906,,,,2655.01529,2609.115501
921,,-2383.821977,-5077.826127,,-8722.133456,28361.24663,12177.46507
922,,-2070.949934,-2956.175426,,-8252.486675,34417.8479,21138.23586
923,,-48.28855386,,,,2396.386256,2348.097702
924,,-48.4207287,,,,2844.455555,2796.034826
925,,-53.11349563,,,,2660.155606,2607.04211
926,,-2213.391264,-60.16579619,287.8951438,-3166.846582,20517.70516,15365.19666
927,,-2309.500733,-50.00951715,95.96504794,-2974.916486,34002.04844,28763.58675
928,,-3398.032874,-3056.109914,,-4093.900535,29604.60044,19056.55712
929,,-3710.92873,-3759.277151,,-5891.751035,16677.34857,3315.391654
930,,-2251.905604,-152.5413805,,-2878.951438,20265.61274,14982.21432
931,,-4233.357333,-3345.076718,,-6393.6852,18013.40163,4041.282381
932,,-3418.07572,-3945.414589,,-4093.900535,19034.68172,7577.290875
933,,-2424.901886,-2757.29503,,-4115.561385,20520.41936,11222.66105
934,,-3385.864255,-3883.706989,,-4197.289655,37699.49251,26232.63161
935,,-3583.226124,-3912.412783,,-4115.561385,18549.85837,6938.658083
936,,-2418.070802,-3080.610379,,-4137.222234,33496.55344,23860.65002
937,,-2437.604056,-2852.579206,,-4137.222234,33095.47338,23668.06788
938,,-2601.973948,-5190.571494,,-4636.915622,16298.52619,3869.065124
939,,-2734.938389,-5685.732084,,-5848.429336,16513.14706,2244.047248
940,,-3659.257072,-3011.007955,466.9102227,-5136.01245,25741.55203,14402.18477
941,,-2610.707769,-4803.445123,,-5891.751035,28397.69544,15091.79151
942,,-4172.261387,-3595.656359,,-6043.376981,19085.4691,5274.174373
943,,-2374.2264,-3777.751191,,-4267.18733,28939.03345,18519.86853
944,,-2521.16385,-4114.184603,,-6282.21785,27177.99255,14260.42625
945,,-4525.40249,-3402.003792,,-6142.718117,26069.36828,11999.24388
946,,-2886.684205,-19.56312051,,-4669.102227,20179.81019,12604.46064
947,,-2150.090058,-3867.411563,,-4197.289655,20344.18139,10129.39011
948,,-3526.106991,-4316.67542,,-6608.799842,25744.60706,11293.0248
949,,-2254.04331,-3937.08424,,-4267.18733,18568.90837,8110.593487
950,,-2468.899942,-1146.929423,,-4197.289655,33138.09831,25324.97929
951,,-3727.197997,-4869.712709,,-6866.489257,20744.05657,5280.656602
952,,-2183.014168,-2987.613121,,-4197.289655,20223.98274,10856.06579
953,,-3171.924716,-4499.072262,,-6608.799842,21655.62603,7375.829209
954,,-3430.728606,-4160.283492,,-4267.18733,28301.41911,16443.21969
955,,-2202.879783,-2350.703299,,-4197.289655,36891.72712,28140.85438
956,,-2385.605908,-1639.805378,,-4206.434077,34939.50888,26707.66351
957,,-3638.28027,-2843.983594,,-4273.794047,18388.80305,7632.745141
958,,-2425.888056,-1904.404783,,-4220.826361,33707.32799,25156.20879
959,,-3314.772567,-3795.771896,,-4273.794047,18337.40957,6953.071064
960,,-3127.479494,-4979.28283,,-4947.636772,16967.82977,3913.43067
961,,-2587.81424,-526.6860108,796.2258802,-3450.312147,34687.78849,28919.20197
962,,-2363.999925,-5296.995864,,-4446.099998,17197.33819,5090.242401
963,,-2428.970075,-33.74972369,265.4086267,-2919.494894,20179.7037,15062.89763
964,,-3594.32043,-3188.56005,,-4328.800045,17886.35336,6774.672836
965,,-2516.053217,-33.9712956,88.46954224,-2742.555809,20210.6243,15006.51352
966,,-2414.735846,-81.5026616,,-2654.086267,16609.0164,11458.69162
967,,-4484.250927,-3995.993041,,-5675.142541,16697.99023,2542.603723
968,,-4552.944383,-4284.817679,,-4791.268168,16798.36326,3169.333031
969,,-2269.430112,-2378.65598,,-4220.826361,32626.62929,23757.71684
970,,-2042.708121,-3626.088643,,-4220.826361,19733.5242,9843.901072
971,,-2225.724338,-4200.630803,,-4288.733874,19862.12884,9147.039825
972,,-3440.476806,-2850.679773,,-4353.830728,17778.80966,7133.822351
973,,-2411.870663,-3331.452246,,-4297.878296,32463.12621,22421.925
974,,-2492.637415,-3716.399144,,-4353.830728,26625.51406,16062.64678
975,,-2506.986506,-2874.035004,,-4311.831053,19714.18317,10021.33061
976,,-2264.644894,-2564.653564,,-4311.831053,32658.61979,23517.49027
977,,-3613.40929,-2123.340023,,-4379.152976,26715.39667,16599.49438
978,,-3603.733008,-2298.200563,,-4409.931751,17812.04947,7500.184143
979,,-2432.339196,-2676.051503,,-4409.931751,17943.23979,8424.917342
980,,-3654.607869,-3287.293627,,-4500.342785,18200.48108,6758.236799
981,,-3390.160625,-2612.79374,,-4570.439222,17380.63159,6807.237998
982,,-2235.423505,-3558.619604,,-4334.455984,31994.67673,21866.17764
983,,-2522.456789,-1033.429356,,-4334.455984,34849.15707,26958.81494
984,,-2331.116893,-5779.03181,,-5190.468324,16382.89643,3082.279403
985,,-2329.024389,-3214.933703,,-4360.644235,20076.85083,10172.2485
986,,-2204.147043,-4180.796173,,-4360.644235,31018.47419,20272.88674
987,,-2210.895214,-1248.865432,,-4393.186356,30765.96857,22913.02157
988,,-2163.12246,-2965.87746,,-4393.186356,19970.53972,10448.35345
989,,-2408.659538,-4932.837146,,-4657.082619,16684.31245,4685.73315
990,,-3717.806037,-4613.552777,,-5870.090185,16550.55846,2349.109463
991,,-3516.667615,-5511.274438,,-4539.625901,16461.5747,2894.00675
992,,-2385.224435,-2944.083233,,-4416.755781,31053.55969,21307.49624
993,,-3563.561208,-5179.666571,,-6017.029615,19880.55585,5120.298453
994,,-3797.701622,-4022.732739,,-5740.125089,16846.48249,3285.923038
995,,-3629.517702,-3063.087702,,-4657.082619,16654.28896,5304.600939
996,,-3692.18351,-3156.460892,,-4657.082619,16455.65956,4949.932533
997,,-2263.20027,-3054.338827,,-4539.625901,35479.19434,25622.02934
998,,-3618.050044,-2907.639714,,-4722.065168,25905.06652,14657.3116
999,,-2807.269204,-3197.970158,,-4553.92211,30830.69882,20271.53735
1000,,-4090.442334,-4661.598829,,-5166.598378,21010.56897,7091.929429
1001,,-2182.211333,-211.6988662,,-4553.92211,32891.92342,25944.09111
1002,,-2231.480137,-2695.706622,,-4563.922088,19736.52694,10245.4181
1003,,-3615.44104,-3166.895068,,-4722.065168,16762.43431,5258.033031
1004,,-2182.520721,-1880.961557,,-4653.523325,19990.98697,11273.98137
1005,,-3558.952256,-2699.820438,,-4722.065168,24079.87844,13099.04058
1006,,-3621.521856,-3127.626854,,-4722.065168,16720.14545,5248.931576
1007,,-3676.563519,-5559.252037,,-5064.927554,16694.00085,2393.257744
1008,,-2377.715465,-2155.758112,,-4653.523325,33016.12658,23829.12968
1009,,-4395.69275,-4133.813541,,-4653.523325,16486.10493,3303.075318
1010,,-2378.745488,-4002.10443,,-4653.523325,19575.67696,8541.30372
